,Verfasser,decade,Empfänger,counts
0,"Salm, Constance de",1830.0,"Ladoucette, Jean Charles François, baron de",67
1,"Salm, Constance de",1820.0,"Ladoucette, Jean Charles François, baron de",56
2,"Salm, Constance de",1820.0,"Pailliet, Jean Baptiste Joseph (Anwalt der CdS in Orléans, um 1829)",56
3,"Salm, Constance de",1830.0,"Sanson de Pongerville, Jean-Baptiste",51
4,"Salm, Constance de",1810.0,"Francq, Agathe Clémence, baronne de, geb. Pipelet, gen. Minette",51
5,"Salm, Constance de",1830.0,"Théis, Alexandre Étienne Guillaume, baron de (Bruder der CdS)",49
6,"Salm, Constance de",1830.0,"Villenave, Mathieu-Guillaume-Thérèse",49
7,"Salm, Constance de",1840.0,"Salm-Reifferscheidt-Dyck, Joseph Fürst und Altgraf zu (SRD)",44
8,"Salm, Constance de",1830.0,"Jullien de Paris, Marc-Antoine",39
9,"Salm, Constance de",1810.0,"Barbier, Antoine-Alexandre",39
10,"Salm, Constance de",1820.0,"Barbier, Antoine-Alexandre",33
11,"Salm, Constance de",1830.0,"Boucharlat, Jean-Louis",28
12,"Salm, Constance de",1830.0,"Montémont, Albert",27
13,"Salm, Constance de",1830.0,"Drais, Pierre (Vertrauensmann der CdS)",27
14,"Salm, Constance de",1840.0,"Ladoucette, Jean Charles François, baron de",26
15,"Salm, Constance de",1820.0,"Villenave, Mathieu-Guillaume-Thérèse",26
16,"Salm, Constance de",1820.0,"Théis, Alexandre Étienne Guillaume, baron de (Bruder der CdS)",22
17,"Salm, Constance de",1830.0,"Waldor, Mélanie, geb. Villenave",20
18,"Salm, Constance de",1840.0,"Théis, Alexandre Étienne Guillaume, baron de (Bruder der CdS)",20
19,"Salm, Constance de",1840.0,"Sanson de Pongerville, Jean-Baptiste",20
20,"Salm, Constance de",1830.0,"Duval, Amaury, eigentl. Charles-Alexandre-Amaury Pineux",18
21,"Salm, Constance de",1830.0,"Mirault, Monsieur (Claude-François?, Mitglied des Athénée des arts)",17
22,"Salm, Constance de",1840.0,"Drais, Pierre (Vertrauensmann der CdS)",16
23,"Salm, Constance de",1820.0,"Jullien de Paris, Marc-Antoine",16
24,"Salm, Constance de",1830.0,"Berville, Saint-Albin",16
25,"Salm, Constance de",1830.0,"Hompesch, Thérèse-Angélique, Gräfin von, geb. von Aarschot-Schoonhoven",15
26,"Salm, Constance de",1830.0,"Depping, Georges-Bernard",14
27,"Salm, Constance de",1830.0,"Barbier, Louis-Nicolas",14
28,"Salm, Constance de",1840.0,"Francq, Félix, baron de",14
29,"Salm, Constance de",1830.0,"Châtelain, Monsieur",13
30,"Salm, Constance de",1830.0,"Schepeler, Andreas Daniel Berthold von",13
31,"Salm, Constance de",1830.0,"Sauvo, François",12
32,"Salm, Constance de",1840.0,"Villenave, Mathieu-Guillaume-Thérèse",12
33,"Salm, Constance de",1830.0,"Vien, Rose Céleste, geb. Bache",11
34,"Salm, Constance de",1830.0,"Vanhove, Charlotte, gen. Caroline, verh. Talma, dann verh. comtesse de Châlot",11
35,"Salm, Constance de",1820.0,"Friedrich Wilhelm III., König von Preußen",10
36,"Salm, Constance de",1830.0,"Audiffret, Florimond Louis, comte d'",10
37,"Salm, Constance de",1830.0,"Leroy de Bacre, Félicie, geb. Dalpayet",9
38,"Salm, Constance de",1820.0,"Thurn und Taxis, Therese (Mathilde Amalia), geb. Herzogin zu Mecklenburg(-Strelitz), Fürstin von",9
39,"Salm, Constance de",1820.0,"Duval, Amaury, eigentl. Charles-Alexandre-Amaury Pineux",9
40,"Salm, Constance de",1820.0,"Mirault, Monsieur (Claude-François?, Mitglied des Athénée des arts)",9
41,"Salm, Constance de",1830.0,"Malo, Charles",9
42,"Salm, Constance de",1830.0,"Laya, Aglaé, in zweiter Ehe Comte",8
43,"Salm, Constance de",1810.0,"Ladoucette, Jean Charles François, baron de",7
44,"Salm, Constance de",1830.0,"Gay, Sophie, baronne de Lupigny, geb. Nichault de la Valette",7
45,"Salm, Constance de",1830.0,"Pailliet, Jean Baptiste Joseph (Anwalt der CdS in Orléans, um 1829)",7
46,"Salm, Constance de",1810.0,"Prous, Henry",7
47,"Salm, Constance de",1830.0,"Salis, Sophie de, verh. baronne de Triqueti ",7
48,"Salm, Constance de",1840.0,"Barbier, Louis-Nicolas",7
49,"Salm, Constance de",1820.0,"Ponce, Nicolas",7
50,"Salm, Constance de",1820.0,"Barbier, Louis-Nicolas",7
51,"Salm, Constance de",1840.0,"Jullien de Paris, Marc-Antoine",6
52,"Salm, Constance de",1830.0,"Montferrand, Monsieur de",6
53,"Salm, Constance de",1820.0,"Ritz, Wilhelm",6
54,"Salm, Constance de",1830.0,"Paillet, Alphonse Gabriel Victor (Rechtsanwalt)",6
55,"Salm, Constance de",1830.0,"Naigeon, Céleste",6
56,"Salm, Constance de",1830.0,"Duval, Alexandre, eigentl. Alexandre-Vincent Pineux",6
57,"Salm, Constance de",1830.0,"Paganel, Camille",6
58,"Salm, Constance de",1820.0,"Lantier, Étienne-François de",6
59,"Salm, Constance de",1830.0,"Pougens, Charles de",6
60,"Salm, Constance de",1830.0,"Tissot, Pierre-François",6
61,"Salm, Constance de",1830.0,"Vaulgrenand, comtesse de",5
62,"Salm, Constance de",1820.0,"Berville, Saint-Albin",5
63,"Salm, Constance de",1820.0,"Boucharlat, Jean-Louis",5
64,"Salm, Constance de",1830.0,"Dauriat, Louise",5
65,"Salm, Constance de",1830.0,"Maleszewski, comtesse de",5
66,"Salm, Constance de",1820.0,"Thurot, Jean-François",5
67,"Salm, Constance de",1820.0,"Viennet, Jean-Pons-Guillaume",5
68,"Salm, Constance de",1820.0,"Maison, général, später maréchal Nicolas Joseph",5
69,"Salm, Constance de",1820.0,"Laya, Aglaé, in zweiter Ehe Comte",5
70,"Salm, Constance de",1830.0,"Sandt, G. [de?]",5
71,"Salm, Constance de",1830.0,"Saint-Mars, général vicomte de (Bruder der Schwägerin der CdS)",5
72,"Salm, Constance de",1840.0,"Salis, Sophie de, verh. baronne de Triqueti ",5
73,"Salm, Constance de",1810.0,"Lantier, Étienne-François de",5
74,"Salm, Constance de",1820.0,"Montigny, Caroline de",4
75,"Salm, Constance de",1840.0,"Audiffret, Florimond Louis, comte d'",4
76,"Salm, Constance de",1830.0,"Maison, général, später maréchal Nicolas Joseph",4
77,"Salm, Constance de",1830.0,"Théis, Charles Constant de",4
78,"Salm, Constance de",1820.0,"Sobry, Adrienne",4
79,"Salm, Constance de",1830.0,"Stassart, Goswin Joseph Augustin, baron de",4
80,"Salm, Constance de",1830.0,"Alibert, Jean-Louis, baron ",4
81,"Salm, Constance de",1830.0,"Amalric, François de Sales",4
82,"Salm, Constance de",1830.0,"Andrieux, François",4
83,"Salm, Constance de",1830.0,"Bernard de Rennes, Louis Bernard, gen.",4
84,"Salm, Constance de",1830.0,"Bignan, Anne",4
85,"Salm, Constance de",1830.0,"Saint-Mars, vicomte de [= général de Saint-Mars?]",4
86,"Salm, Constance de",1830.0,"Raboteau, Paul Étienne",4
87,"Salm, Constance de",1830.0,"Humboldt, Alexander von",4
88,"Salm, Constance de",1830.0,"Montigny, Caroline de",4
89,"Salm, Constance de",1830.0,"Audouin de Géronval, Maurice",4
90,"Salm, Constance de",1840.0,"Waldor, Mélanie, geb. Villenave",4
91,"Salm, Constance de",1840.0,"Villenave, Théodore",4
92,"Salm, Constance de",1820.0,"Gay, Sophie, baronne de Lupigny, geb. Nichault de la Valette",4
93,"Salm, Constance de",1840.0,"Humboldt, Alexander von",4
94,"Salm, Constance de",1820.0,"Dumas, Alexandre",4
95,"Salm, Constance de",1840.0,"Schepeler, Andreas Daniel Berthold von",4
96,"Salm, Constance de",1840.0,"Pailliet, Jean Baptiste Joseph (Anwalt der CdS in Orléans, um 1829)",4
97,"Salm, Constance de",1810.0,"Raboteau, Pierre Paul ",3
98,"Salm, Constance de",1830.0,"Novakowsky, Camille de, geb. Chomereau",3
99,"Salm, Constance de",1820.0,"Drais, Pierre (Vertrauensmann der CdS)",3
100,"Salm, Constance de",1830.0,"Sobry, Adrienne",3
101,"Salm, Constance de",1840.0,"Locquenghien, Judith Anna Maria von, geb. von Dorth",3
102,"Salm, Constance de",1840.0,"Paganel, Camille",3
103,"Salm, Constance de",1830.0,"Locquenghien, Judith Anna Maria von, geb. von Dorth",3
104,"Salm, Constance de",1830.0,"Maison, Madeleine, geb. Weydold (Ehefrau des Nicolas Joseph)",3
105,"Salm, Constance de",1830.0,"Thurot, Madame",3
106,"Salm, Constance de",1830.0,"Francq, Constant de",3
107,"Salm, Constance de",1820.0,"Prous, Henry",3
108,"Salm, Constance de",1830.0,"Paillet, Julien, gen. Paillet de Plombières (Schriftsteller)",3
109,"Salm, Constance de",1840.0,"Novakowsky, Camille de, geb. Chomereau",3
110,"Salm, Constance de",1830.0,"Viennet, Jean-Pons-Guillaume",3
111,"Salm, Constance de",1830.0,"Villenave, Théodore",3
112,"Salm, Constance de",1840.0,"Bignan, Anne",3
113,"Salm, Constance de",1820.0,"Laya, Jean-Louis",3
114,"Salm, Constance de",1820.0,"Asfeld, L. C. d'",3
115,"Salm, Constance de",1840.0,"Boucharlat, Jean-Louis",3
116,"Salm, Constance de",1820.0,"Andrieux, François",3
117,"Salm, Constance de",1830.0,"Mathon de Fogères, Henri-Napoléon",3
118,"Salm, Constance de",1840.0,"Ritz, Wilhelm",3
119,"Salm, Constance de",1830.0,"Coubard d'Aulnay, Germain Etienne",3
120,"Salm, Constance de",1830.0,"Thurot, Jean-François",3
121,"Salm, Constance de",1820.0,"Vanhove, Charlotte, gen. Caroline, verh. Talma, dann verh. comtesse de Châlot",3
122,"Salm, Constance de",1830.0,"Babois, Marguerite Victoire",3
123,"Salm, Constance de",1830.0,"Guyet, Isidore",3
124,"Salm, Constance de",1820.0,"Sanson de Pongerville, Jean-Baptiste",3
125,"Salm, Constance de",1830.0,"Théis, Joséphine de, verh. Saint-Cricq, gen. Finette",3
126,"Salm, Constance de",1810.0,"Drais, Pierre (Vertrauensmann der CdS)",3
127,"Salm, Constance de",1810.0,"Théis, Alexandre Étienne Guillaume, baron de (Bruder der CdS)",2
128,"Salm, Constance de",1820.0,"Ursin, Pierre-François-Marie",2
129,"Salm, Constance de",1810.0,"Thurot, Jean-François",2
130,"Salm, Constance de",1830.0,"Paganel, Madame G., geb. von Senfft-Pilsach",2
131,"Salm, Constance de",1820.0,"Waldor, Mélanie, geb. Villenave",2
132,"Salm, Constance de",1830.0,"Say, Jean-Baptiste",2
133,"Salm, Constance de",1840.0,"Mirault, Monsieur (Claude-François?, Mitglied des Athénée des arts)",2
134,"Salm, Constance de",1830.0,"Forster, Charles (auch Karol)",2
135,"Salm, Constance de",1830.0,"Ritz, Wilhelm",2
136,"Salm, Constance de",1830.0,"Prony, Gaspard Riche, baron de",2
137,"Salm, Constance de",1830.0,"Coëls, Friedrich Josef Antonius von",2
138,"Salm, Constance de",1830.0,"Didot, Firmin",2
139,"Salm, Constance de",1830.0,"Colet, Louise, geb. Révoil",2
140,"Salm, Constance de",1840.0,"Saint-Mars, vicomte de [= général de Saint-Mars?]",2
141,"Salm, Constance de",1810.0,"Duval, Amaury, eigentl. Charles-Alexandre-Amaury Pineux",2
142,"Salm, Constance de",1810.0,"Laya, Jean-Louis",2
143,"Salm, Constance de",1830.0,"Châtelain, Jean-Baptiste-François, chevalier de",2
144,"Salm, Constance de",1830.0,"Christian, Auguste de",2
145,"Salm, Constance de",1840.0,"Naigeon, Céleste",2
146,"Salm, Constance de",1830.0,"Dupaty, Emmanuel Mercier",2
147,"Salm, Constance de",1830.0,"Boulay de la Meurthe, Monsieur",2
148,"Salm, Constance de",1810.0,"Dalberg, Karl Theodor Reichsfreiherr von",2
149,"Salm, Constance de",1830.0,"Fabre, Auguste-Jean-Raymond",2
150,"Salm, Constance de",1810.0,"Ponce, Nicolas",2
151,"Salm, Constance de",1830.0,"Beltrami, Giacomo Costantino",2
152,"Salm, Constance de",1810.0,"Cubières-Palmézeaux, Michel de",2
153,"Salm, Constance de",1830.0,"Bard, Charles Joseph",2
154,"Salm, Constance de",1820.0,"Tissot, Pierre-François",2
155,"Salm, Constance de",1820.0,"Stassart, Goswin Joseph Augustin, baron de",2
156,"Salm, Constance de",1820.0,"Agoub, Joseph Elie",2
157,"Salm, Constance de",1820.0,"La Suze, Pierre Joseph de Sars de",2
158,"Salm, Constance de",1820.0,"Montémont, Albert",2
159,"Salm, Constance de",1820.0,"Amalric, François de Sales",2
160,"Salm, Constance de",1820.0,"Marron, Paul-Henri",2
161,"Salm, Constance de",1820.0,"Césarini, Jacques-Auguste-Vié de",2
162,"Salm, Constance de",1840.0,"Francq, Ozélie (Azélie), baronne de",2
163,"Salm, Constance de",1820.0,"Maison, Eugène, vicomte (Sohn des Nicolas Joseph)",2
164,"Salm, Constance de",1800.0,"Gudin de La Brenellerie, Paul-Philippe",2
165,"Salm, Constance de",1820.0,"Duval, Alexandre, eigentl. Alexandre-Vincent Pineux",2
166,"Salm, Constance de",1820.0,"Langlès, Louis-Mathieu",2
167,"Salm, Constance de",1840.0,"Viennet, Jean-Pons-Guillaume",2
168,"Salm, Constance de",1820.0,"Orloff, Grégoire, comte de",2
169,"Salm, Constance de",1840.0,"Chazet, Pierre A[lissan] de",2
170,"Salm, Constance de",1800.0,"Andrieux, François",2
171,"Salm, Constance de",1820.0,"Jaquotot, Marie-Victoire",2
172,"Salm, Constance de",1790.0,"Thurot, Jean-François",2
173,"Salm, Constance de",1830.0,"Marron, Paul-Henri",2
174,"Salm, Constance de",1820.0,"Heinsberg, Herr von",2
175,"Salm, Constance de",1840.0,"Denis, Ferdinand",2
176,"Salm, Constance de",1840.0,"Depping, Georges-Bernard",2
177,"Salm, Constance de",1820.0,"Gosse, Étienne (Redakteur der ""Pandore"")",2
178,"Salm, Constance de",1830.0,"Lamardelle, Pierre Suzanne Marie, baron de",2
179,"Salm, Constance de",1830.0,"Morgan, Lady Sydney, geb. Sydney Owenson",2
180,"Salm, Constance de",1800.0,"Picard, Louis-Benoît",2
181,"Salm, Constance de",1840.0,"Théis, Charles Constant de",2
182,"Salm, Constance de",1840.0,"Stassart, Goswin Joseph Augustin, baron de",2
183,"Salm, Constance de",1840.0,"Roux de Rochelle, Jean-Baptiste-Gaspard",2
184,"Salm, Constance de",1840.0,"Lainé, Monsieur",2
185,"Salm, Constance de",1820.0,"Auger, Louis Simon",2
186,"Salm, Constance de",1820.0,"Babois, Marguerite Victoire",2
187,"Salm, Constance de",1840.0,"Jomard, Edme François",2
188,"Salm, Constance de",1830.0,"Jomard, Edme François",2
189,"Salm, Constance de",1830.0,"Delestre-Poirson, Charles-Gaspard",2
190,"Salm, Constance de",1830.0,"Méricourt, Françoise de",2
191,"Salm, Constance de",1820.0,"Buchon, Monsieur",2
192,"Salm, Constance de",1820.0,"Pougens, Charles de",2
193,"Salm, Constance de",1820.0,"Pillet, Fabien",2
194,"Salm, Constance de",1840.0,"Sanson de Pongerville, Jean-Baptiste; Sanson de Pongerville, Madame",1
195,"Salm, Constance de",1830.0,"Naigeon, Jacques-André",1
196,"Salm, Constance de",1830.0,"Pröpper, Ferdinand von",1
197,"Salm, Constance de",1830.0,"Méchin, Edmond",1
198,"Salm, Constance de",1840.0,"Salomon, Adam",1
199,"Salm, Constance de",1840.0,"Vanhove, Charlotte, gen. Caroline, verh. Talma, dann verh. comtesse de Châlot",1
200,"Salm, Constance de",1830.0,"Naigeon, Mademoiselle",1
201,"Salm, Constance de",1830.0,"Preußen, Marie Anne Amalie, Prinzessin von, geb. Hessen-Homburg",1
202,"Salm, Constance de",1840.0,"Thurot, Madame",1
203,"Salm, Constance de",1830.0,"Pillet, Fabien",1
204,"Salm, Constance de",1830.0,"Niboyet, Eugénie, geb. Mouchon",1
205,"Salm, Constance de",1840.0,"Théis, Anne Marguerite de, geb. de Saint-Mars (Frau des Bruders der CdS)",1
206,"Salm, Constance de",1840.0,"Vial, Monsieur",1
207,"Salm, Constance de",1840.0,"Trosdorff, Herr",1
208,"Salm, Constance de",1830.0,"Petriconi, Jean Laurent de",1
209,"Salm, Constance de",1830.0,"O'Sullivan, Daniel",1
210,"Salm, Constance de",1830.0,"Moreau, César",1
211,"Salm, Constance de",1830.0,"Pinet, Fortuné",1
212,"Salm, Constance de",1840.0,"Fayolle, François-Joseph-Marie",1
213,"Salm, Constance de",1830.0,"Pröpper, Paul Joseph von",1
214,"Salm, Constance de",1830.0,"Quetelet, Adolphe",1
215,"Salm, Constance de",1830.0,"Ursin, Pierre-François-Marie",1
216,"Salm, Constance de",1830.0,"Valleran(d), Hubert",1
217,"Salm, Constance de",1840.0,"Jussieu, Adrien de",1
218,"Salm, Constance de",1830.0,"Vaulgrenand, comte de",1
219,"Salm, Constance de",1840.0,"Jobey de Ligny, Gabrielle",1
220,"Salm, Constance de",1840.0,"Gay, Sophie, baronne de Lupigny, geb. Nichault de la Valette",1
221,"Salm, Constance de",1840.0,"Friedrich Wilhelm IV., König von Preußen",1
222,"Salm, Constance de",1840.0,"Friedrich Wilhelm III., König von Preußen",1
223,"Salm, Constance de",1830.0,"Wilken, Friedrich",1
224,"Salm, Constance de",1840.0,"François, Madame",1
225,"Salm, Constance de",1840.0,"Français, Madame",1
226,"Salm, Constance de",1830.0,"Zur Hosen, Herr",1
227,"Salm, Constance de",1830.0,"Émeric-David, Toussaint Bernard",1
228,"Salm, Constance de",1840.0,"Bavier, Monsieur de",1
229,"Salm, Constance de",1840.0,"Berville, Saint-Albin",1
230,"Salm, Constance de",1840.0,"Bonafous, Matthieu",1
231,"Salm, Constance de",1840.0,"Francq, Alexandre de",1
232,"Salm, Constance de",1840.0,"Canot / Canaux, Monsieur (unklar ob Vertrauensmann der Salm-Dyck oder/und Cousin der Francq?)",1
233,"Salm, Constance de",1840.0,"Forster, Charles (auch Karol)",1
234,"Salm, Constance de",1840.0,"Châlot, Madame de (Siehe Vanhove)",1
235,"Salm, Constance de",1840.0,"Châtelain, Monsieur",1
236,"Salm, Constance de",1840.0,"Comminges, comte de",1
237,"Salm, Constance de",1840.0,"Didot, Firmin",1
238,"Salm, Constance de",1830.0,"Théis, Adolphe de",1
239,"Salm, Constance de",1830.0,"Süss, J. (Pfarrer)",1
240,"Salm, Constance de",1840.0,"Laya, Aglaé, in zweiter Ehe Comte",1
241,"Salm, Constance de",1840.0,"Paganel, Madame G., geb. von Senfft-Pilsach",1
242,"Salm, Constance de",1840.0,Roguet. comte Christophe Michel (Schwiegersohn von Jean Charles François de Ladoucette),1
243,"Salm, Constance de",1830.0,"Raboteau, Pierre Paul ",1
244,"Salm, Constance de",1830.0,"Ramey, Etienne-Jules",1
245,"Salm, Constance de",1830.0,"Richard, Carl (Major in Aachen)",1
246,"Salm, Constance de",1830.0,"Rittinghausen, Moritz",1
247,"Salm, Constance de",1830.0,"Roger, Jacques-François, baron",1
248,"Salm, Constance de",1830.0,"Roosmalen, Auguste de",1
249,"Salm, Constance de",1840.0,"Reiffenberg, Frédéric, baron de (Löwen/Louvain)",1
250,"Salm, Constance de",1840.0,"Pröpper, Herr von",1
251,"Salm, Constance de",1840.0,"Plancy, Amélie de, geb. de Ladoucette",1
252,"Salm, Constance de",1830.0,"Salm, Constance de",1
253,"Salm, Constance de",1830.0,"Soult, Maréchal Nicolas Jean-de-Dieu",1
254,"Salm, Constance de",1830.0,"Sandt, Joséphine de, geb. Andriel",1
255,"Salm, Constance de",1830.0,"Sandt, Madame de",1
256,"Salm, Constance de",1840.0,"Dulac, comte",1
257,"Salm, Constance de",1840.0,"Mathon de Fogères, Henri-Napoléon",1
258,"Salm, Constance de",1840.0,"Maleszewski, comtesse de",1
259,"Salm, Constance de",1840.0,"Maison, général, später maréchal Nicolas Joseph",1
260,"Salm, Constance de",1830.0,"Servan de Sugny, Pierre-Marie-François",1
261,"Salm, Constance de",1840.0,"Maison, Madeleine, geb. Weydold (Ehefrau des Nicolas Joseph)",1
262,"Salm, Constance de",1840.0,"Leroy de Bacre, Félicie, geb. Dalpayet",1
263,"Salm, Constance de",1830.0,"Sobry, Adèle",1
264,"Salm, Constance de",1830.0,"Monglave, Eugène de",1
265,"Salm, Constance de",1790.0,"Nanteuil, C. de",1
266,"Salm, Constance de",1830.0,"Mazois, Jenny-Malvina, geb. Pineux-Duval (Tochter des Alexandre Duval)",1
267,"Salm, Constance de",1820.0,"Marrast, Armand",1
268,"Salm, Constance de",1820.0,"Fallenstein, Georg Friedrich (?)",1
269,"Salm, Constance de",1820.0,"Dauriat, Louise",1
270,"Salm, Constance de",1820.0,"Courier, Esther Etienne Herminie, geb. Clavier",1
271,"Salm, Constance de",1820.0,"Cooper, James Fenimore",1
272,"Salm, Constance de",1820.0,"Constant, Benjamin",1
273,"Salm, Constance de",1820.0,"Cabanon, Mademoiselle Cléonis",1
274,"Salm, Constance de",1820.0,"Cabanis, Charlotte, geb. de Grouchy",1
275,"Salm, Constance de",1820.0,"C., Monsieur",1
276,"Salm, Constance de",1820.0,"Breguet, Abraham Louis (?)",1
277,"Salm, Constance de",1820.0,"Bertin, Louis-François",1
278,"Salm, Constance de",1820.0,"Berr / Behr, Michel",1
279,"Salm, Constance de",1820.0,"Bailly, Jean-Louis-Armand",1
280,"Salm, Constance de",1820.0,"Audiffret, Florimond Louis, comte d'",1
281,"Salm, Constance de",1820.0,"Anglemont, Edouard d'",1
282,"Salm, Constance de",1810.0,"Vanhove, Charlotte, gen. Caroline, verh. Talma, dann verh. comtesse de Châlot",1
283,"Salm, Constance de",1820.0,"Gall, Dr. Franz Joseph",1
284,"Salm, Constance de",1820.0,"Gay, Sigismond, baron de Lupigny",1
285,"Salm, Constance de",1820.0,"Gence, Jean-Baptiste-Modeste",1
286,"Salm, Constance de",1820.0,"La Chabeaussière, Ange Étienne Xavier Poisson de",1
287,"Salm, Constance de",1820.0,"Löwenhielm, Jacquette Gräfin",1
288,"Salm, Constance de",1820.0,"Leyen, Gustav Heinrich von der (Sohn von Friedrich Heinrich)",1
289,"Salm, Constance de",1820.0,"Leroy de Bacre, Félicie, geb. Dalpayet",1
290,"Salm, Constance de",1820.0,"Lenders, Fräulein (von?)",1
291,"Salm, Constance de",1820.0,"Laplace, Madame de",1
292,"Salm, Constance de",1820.0,"La Fayette, Joseph du Motier, marquis de ",1
293,"Salm, Constance de",1820.0,"Jay, Antoine",1
294,"Salm, Constance de",1820.0,"Georgeon, General",1
295,"Salm, Constance de",1820.0,"Hompesch-Rurich, Johann Baptist Ludwig Graf von (1759-1833), Vater von Hermann Philipp",1
296,"Salm, Constance de",1820.0,"Hompesch-Rurich, Graf Herrmann Philipp von (1797-1857)",1
297,"Salm, Constance de",1820.0,"Gumppenberg, Fanny Baronin von",1
298,"Salm, Constance de",1820.0,"Guillon Lethière, Guillaume",1
299,"Salm, Constance de",1820.0,"Gouvion Saint-Cyr, Anne de",1
300,"Salm, Constance de",1820.0,"Girardin, Émile de",1
301,"Salm, Constance de",1810.0,"Thurn und Taxis, Therese (Mathilde Amalia), geb. Herzogin zu Mecklenburg(-Strelitz), Fürstin von",1
302,"Salm, Constance de",1810.0,"Surlet de Chokier, Érasme-Louis, baron",1
303,"Salm, Constance de",1810.0,"Suard, Jean Baptiste Antoine",1
304,"Salm, Constance de",1800.0,"Raboteau, Pierre Paul ",1
305,"Salm, Constance de",1810.0,"Brack / Bracq, Monsieur de (Directeur des douanes impériales et consul général des états de Lucca et Piombino)",1
306,"Salm, Constance de",1810.0,"Bonaparte, Pauline, verh. Borghese",1
307,"Salm, Constance de",1810.0,"Bigot de Préameneu, Félix Julien Jean",1
308,"Salm, Constance de",1810.0,"Andrieux, François",1
309,"Salm, Constance de",1810.0,"Amalric, François de Sales",1
310,"Salm, Constance de",1810.0,"Alexander I., Zar von Russland",1
311,"Salm, Constance de",1800.0,"Ponce, Nicolas",1
312,"Salm, Constance de",1810.0,"Francq, Louis Bernard, baron de",1
313,"Salm, Constance de",1800.0,"Lemazurier, Pierre-David",1
314,"Salm, Constance de",1800.0,"Langlès, Louis-Mathieu",1
315,"Salm, Constance de",1800.0,"Feuillet, Laurent",1
316,"Salm, Constance de",1800.0,"Clavier, Étienne",1
317,"Salm, Constance de",1800.0,"Carrion de Nisas, Henri de, baron",1
318,"Salm, Constance de",1800.0,"Béarn, Alexandre de Galard de Brassac de",1
319,"Salm, Constance de",1810.0,"Breguet, Abraham Louis (?)",1
320,"Salm, Constance de",1810.0,"Gay, Sophie, baronne de Lupigny, geb. Nichault de la Valette",1
321,"Salm, Constance de",1810.0,"Sobry, Jean-François",1
322,"Salm, Constance de",1810.0,"Pestel, Philipp von",1
323,"Salm, Constance de",1810.0,"Say, Jean-Baptiste",1
324,"Salm, Constance de",1810.0,"Salm-Reifferscheidt-Dyck, Franz Joseph August Fürst und Altgraf zu (Bruder SRDs)",1
325,"Salm, Constance de",1810.0,"Roederer, Pierre-Louis",1
326,"Salm, Constance de",1810.0,"Richelieu, Armand Emmanuel du Plessis, duc de",1
327,"Salm, Constance de",1810.0,"Reinwardt, Kaspar Georg Karl",1
328,"Salm, Constance de",1810.0,"Pugnet, Monsieur",1
329,"Salm, Constance de",1810.0,"Napoléon Ier Bonaparte, Kaiser der Franzosen",1
330,"Salm, Constance de",1810.0,"Girodet-Trioson, Anne-Louis, eigentl. Girodet de Roussy",1
331,"Salm, Constance de",1810.0,"Méneval, Claude François de",1
332,"Salm, Constance de",1810.0,"Marron, Paul-Henri",1
333,"Salm, Constance de",1810.0,"Lémontey, Pierre-Édouard",1
334,"Salm, Constance de",1810.0,"Laya, Aglaé, in zweiter Ehe Comte",1
335,"Salm, Constance de",1810.0,"Labouïsse-Rochefort, Jean-Pierre-Jacques-Auguste de",1
336,"Salm, Constance de",1810.0,"Hatzfeldt, Fürst von",1
337,"Salm, Constance de",1820.0,"Maison, Joseph, vicomte (Sohn des Nicolas Joseph)",1
338,"Salm, Constance de",1820.0,"Mecklenburg-Strelitz, Karl Herzog von (Bruder der Therese von Thurn und Taxis)",1
339,"Salm, Constance de",1830.0,"Maltitz, [Gotthilf August?] Freiherr von",1
340,"Salm, Constance de",1820.0,"Miollis, Sextius Alexandre François de",1
341,"Salm, Constance de",1830.0,"Evelt, Christian (Rechtsanwalt in Düsseldorf)",1
342,"Salm, Constance de",1830.0,"Dumas, Jean-Baptiste (von der Académie in Lyon?)",1
343,"Salm, Constance de",1830.0,"Du Château, Monsieur",1
344,"Salm, Constance de",1830.0,"Dournel de Bonnival, Monsieur",1
345,"Salm, Constance de",1830.0,"Devise, Monsieur de (Cousin der CdS)",1
346,"Salm, Constance de",1830.0,"Deshayes, Monsieur",1
347,"Salm, Constance de",1830.0,"Denis, Ferdinand",1
348,"Salm, Constance de",1830.0,"David, Monsieur",1
349,"Salm, Constance de",1830.0,"Dahmen, Ida, verh. Mengelbier",1
350,"Salm, Constance de",1790.0,"Salis, Sophie de, verh. baronne de Triqueti ",1
351,"Salm, Constance de",1830.0,"Comte, Achille",1
352,"Salm, Constance de",1830.0,"Colet, Hippolyte",1
353,"Salm, Constance de",1830.0,"Colbert, Jean Baptiste",1
354,"Salm, Constance de",1830.0,"Christian, Monsieur (de?)",1
355,"Salm, Constance de",1830.0,"Caumont, Arcisse de",1
356,"Salm, Constance de",1830.0,"Faucheux, Monsieur (Anwalt der Erben Pipelet in Tours)",1
357,"Salm, Constance de",1830.0,"Faulcon de La Parisière, Marie-Félix",1
358,"Salm, Constance de",1830.0,"Fayolle, François-Joseph-Marie",1
359,"Salm, Constance de",1830.0,"Hémery, Marguerite, verh. Ponce",1
360,"Salm, Constance de",1830.0,"Malepeyre, Léopold",1
361,"Salm, Constance de",1830.0,"Maison, Joséphine (Tochter des Nicolas Joseph, +1828/1829)",1
362,"Salm, Constance de",1830.0,"Louis-Philippe Ier, König der Franzosen",1
363,"Salm, Constance de",1830.0,"Leroy de Bacre, Alexandre Joseph",1
364,"Salm, Constance de",1830.0,"Laya, Alexandre",1
365,"Salm, Constance de",1830.0,"Ladoucette, Eugène de",1
366,"Salm, Constance de",1830.0,"Hompesch-Rurich, Graf Herrmann Philipp von (1797-1857)",1
367,"Salm, Constance de",1830.0,"Fossé-Darcosse, François Barthélémy Thérèse Émilien",1
368,"Salm, Constance de",1830.0,"Guyet, Emma, eigentlich Guyet-Desfontaines, geb. Duval, in 1. Ehe verh. Chassériau",1
369,"Salm, Constance de",1830.0,"Gence, Jean-Baptiste-Modeste",1
370,"Salm, Constance de",1830.0,"Fée, Cécile",1
371,"Salm, Constance de",1830.0,"Friedrich Wilhelm III., König von Preußen",1
372,"Salm, Constance de",1830.0,"Français de Nantes, eigentl. Antoine Français",1
373,"Salm, Constance de",1830.0,"Francq, Alexandre de",1
374,"Salm, Constance de",1830.0,"Candolle, Augustin-Pyrame de",1
375,"Salm, Constance de",1830.0,"Bélanger, Monsieur",1
376,"Salm, Constance de",1830.0,"Bouilly, Monsieur",1
377,"Salm, Constance de",1820.0,"Richard, Carl (Major in Aachen)",1
378,"Salm, Constance de",1820.0,"Sauvo, François",1
379,"Salm, Constance de",1820.0,"Saint-Mars, général vicomte de (Bruder der Schwägerin der CdS)",1
380,"Salm, Constance de",1820.0,"Saint-Cricq, Auguste de (Ehemann von CdS' Nichte Joséphine)",1
381,"Salm, Constance de",1820.0,"Révéroni, Jacques-Antoine, baron de Saint-Cyr",1
382,"Salm, Constance de",1820.0,"Roguet, Pauline, geb. de Ladoucette",1
383,"Salm, Constance de",1820.0,"Riche de Prony, Gaspard, baron",1
384,"Salm, Constance de",1820.0,"Raboteau, Pierre Paul ",1
385,"Salm, Constance de",1820.0,"Sédillot, Jean-Jacques Emmanuel",1
386,"Salm, Constance de",1820.0,"Raboteau, Emélie, verh. Ranson",1
387,"Salm, Constance de",1820.0,"Preußen, Prinz Friedrich von (Neffe Friedrich Wilhelms III.)",1
388,"Salm, Constance de",1820.0,"Paxton, Maria Alecia",1
389,"Salm, Constance de",1820.0,"Paganel, Camille",1
390,"Salm, Constance de",1820.0,"Nicolle, Dominique-Charles, abbé",1
391,"Salm, Constance de",1820.0,"Nees von Esenbeck, Theodor Friedrich Ludwig",1
392,"Salm, Constance de",1820.0,"Simon(s), Monsieur",1
393,"Salm, Constance de",1820.0,"Théis, Joséphine de, verh. Saint-Cricq, gen. Finette",1
394,"Salm, Constance de",1830.0,"Biergans, Joseph Wilhelm (Staatsanwalt in Köln)",1
395,"Salm, Constance de",1830.0,"Audouard, Monsieur",1
396,"Salm, Constance de",1830.0,"Beuchot, Adrien-Jean-Quentin (?)",1
397,"Salm, Constance de",1830.0,"Berr, Madame (Ehefrau von Michel Berr)",1
398,"Salm, Constance de",1830.0,"Becdelièvre, comtesse de",1
399,"Salm, Constance de",1830.0,"Bavier, Monsieur de",1
400,"Salm, Constance de",1830.0,"Bavier, Major de",1
401,"Salm, Constance de",1830.0,"Barbier, Antoine-Alexandre",1
402,"Salm, Constance de",1830.0,"Aubard / Aubart, Monsieur",1
403,"Salm, Constance de",1820.0,"Valant, Joseph-Honoré",1
404,"Salm, Constance de",1830.0,"Arnim-Boitzenburg, Anna Caroline von, geb. von der Schulenburg",1
405,"Salm, Constance de",1830.0,"Allenet (?), Monsieur",1
406,"Salm, Constance de",1820.0,"Wied-Neuwied, Maximilian Alexander Philipp, Prinz zu",1
407,"Salm, Constance de",1820.0,"Wergifosse / Vergifosse, Monsieur (de?)",1
408,"Salm, Constance de",1820.0,"Villenave, Théodore",1
409,"Salm, Constance de",1820.0,"Vernéjoul, Monsieur de",1
410,"Salm, Constance de",1830.0,"Cordellier-Delanoue, Étienne Casimir Hippolyte",1
